"Date","Price","Open","High","Low","Vol.","Change %"
"Mar 05, 2023","22,428.3","22,347.1","22,636.7","22,213.5","160.57K","0.36%"
"Mar 04, 2023","22,347.1","22,354.7","22,403.7","22,167.4","123.93K","-0.03%"
"Mar 03, 2023","22,354.4","23,465.6","23,473.4","22,051.9","344.63K","-4.73%"
"Mar 02, 2023","23,465.4","23,642.2","23,780.5","23,208.7","249.26K","-0.75%"
"Mar 01, 2023","23,642.2","23,130.6","23,914.1","23,025.3","328.77K","2.21%"
"Feb 28, 2023","23,130.5","23,494.0","23,595.0","23,033.8","275.10K","-1.55%"
"Feb 27, 2023","23,494.1","23,558.7","23,876.2","23,166.8","297.65K","-0.27%"
"Feb 26, 2023","23,558.7","23,166.1","23,671.8","23,066.0","209.12K","1.69%"
"Feb 25, 2023","23,166.1","23,191.3","23,215.3","22,777.4","198.35K","-0.11%"
"Feb 24, 2023","23,191.5","23,936.4","24,123.4","22,970.3","367.99K","-3.11%"
"Feb 23, 2023","23,936.3","24,186.6","24,590.4","23,637.9","417.46K","-1.03%"
"Feb 22, 2023","24,186.6","24,450.7","24,474.3","23,593.4","400.24K","-1.08%"
"Feb 21, 2023","24,450.7","24,839.5","25,236.8","24,160.8","395.97K","-1.57%"
"Feb 20, 2023","24,839.5","24,302.8","25,085.4","23,868.6","363.02K","2.21%"
"Feb 19, 2023","24,302.9","24,631.3","25,175.2","24,273.7","312.64K","-1.33%"
"Feb 18, 2023","24,631.4","24,573.5","24,838.9","24,457.0","223.77K","0.24%"
"Feb 17, 2023","24,573.5","23,538.2","24,984.7","23,373.0","523.85K","4.39%"
"Feb 16, 2023","23,539.6","24,328.1","25,233.8","23,525.9","484.50K","-3.24%"
"Feb 15, 2023","24,327.9","22,198.5","24,330.9","22,050.8","401.53K","9.59%"
"Feb 14, 2023","22,198.5","21,776.9","22,308.6","21,556.2","378.39K","1.96%"
"Feb 13, 2023","21,772.6","21,782.7","21,887.5","21,418.7","312.04K","-0.07%"
"Feb 12, 2023","21,786.8","21,859.9","22,080.7","21,653.1","211.65K","-0.33%"
"Feb 11, 2023","21,859.8","21,627.4","21,902.9","21,605.3","182.07K","1.04%"
"Feb 10, 2023","21,635.0","21,792.5","21,933.6","21,491.7","352.79K","-0.72%"
"Feb 09, 2023","21,792.5","22,964.6","23,003.6","21,744.6","425.44K","-5.10%"
"Feb 08, 2023","22,964.6","23,251.7","23,425.1","22,691.7","289.12K","-1.23%"
"Feb 07, 2023","23,251.7","22,761.8","23,338.8","22,748.2","318.98K","2.15%"
"Feb 06, 2023","22,761.8","22,936.0","23,130.6","22,633.7","278.58K","-0.76%"
"Feb 05, 2023","22,936.0","23,326.9","23,423.4","22,766.5","217.26K","-1.66%"
"Feb 04, 2023","23,323.8","23,431.2","23,571.8","23,269.8","170.27K","-0.46%"
"Feb 03, 2023","23,431.2","23,429.1","23,694.1","23,233.8","349.36K","0.02%"
"Feb 02, 2023","23,427.6","23,726.2","24,207.2","23,398.1","382.86K","-1.26%"
"Feb 01, 2023","23,725.6","23,124.7","23,784.5","22,809.6","333.18K","2.60%"
"Jan 31, 2023","23,125.1","22,832.2","23,262.9","22,724.9","289.38K","1.28%"
"Jan 30, 2023","22,832.2","23,746.0","23,794.0","22,560.0","339.62K","-3.88%"
"Jan 29, 2023","23,753.1","23,023.5","23,952.9","22,973.3","320.86K","3.15%"
"Jan 28, 2023","23,027.9","23,074.6","23,182.3","22,889.8","156.96K","-0.20%"
"Jan 27, 2023","23,074.6","23,016.0","23,480.3","22,602.9","310.36K","0.25%"
"Jan 26, 2023","23,016.0","23,055.2","23,259.5","22,869.0","320.97K","-0.17%"
"Jan 25, 2023","23,055.1","22,632.5","23,779.0","22,366.3","388.18K","1.87%"
"Jan 24, 2023","22,632.5","22,916.3","23,156.1","22,517.1","334.17K","-1.23%"
"Jan 23, 2023","22,915.5","22,709.0","23,161.8","22,527.9","327.85K","0.91%"
"Jan 22, 2023","22,707.8","22,775.7","23,068.7","22,323.0","280.64K","-0.30%"
"Jan 21, 2023","22,775.7","22,677.5","23,304.5","22,461.1","382.69K","0.43%"
"Jan 20, 2023","22,677.2","21,074.9","22,718.5","20,879.3","373.74K","7.57%"
"Jan 19, 2023","21,081.2","20,670.6","21,169.4","20,669.7","275.76K","1.99%"
"Jan 18, 2023","20,670.6","21,137.1","21,584.1","20,448.3","388.67K","-2.21%"
"Jan 17, 2023","21,137.1","21,184.4","21,506.4","20,926.2","310.04K","-0.22%"
"Jan 16, 2023","21,184.2","20,880.1","21,416.8","20,698.9","337.46K","1.46%"
"Jan 15, 2023","20,879.8","20,956.0","21,032.2","20,585.7","205.80K","-0.37%"
"Jan 14, 2023","20,958.2","19,926.9","21,185.6","19,898.6","458.21K","5.17%"
"Jan 13, 2023","19,927.0","18,850.8","19,981.6","18,723.8","426.67K","5.71%"
"Jan 12, 2023","18,851.3","17,941.0","19,055.3","17,915.5","522.01K","5.07%"
"Jan 11, 2023","17,942.3","17,440.5","17,989.8","17,323.9","291.53K","2.89%"
"Jan 10, 2023","17,439.1","17,180.1","17,491.0","17,151.7","247.14K","1.51%"
"Jan 09, 2023","17,180.1","17,119.0","17,390.8","17,107.1","301.24K","0.36%"
"Jan 08, 2023","17,119.0","16,943.6","17,119.0","16,913.8","144.84K","1.04%"
"Jan 07, 2023","16,943.6","16,950.9","16,979.6","16,909.7","110.48K","-0.04%"
"Jan 06, 2023","16,950.9","16,829.8","17,012.3","16,707.6","233.47K","0.72%"
"Jan 05, 2023","16,829.8","16,852.2","16,877.9","16,772.3","178.96K","-0.13%"
"Jan 04, 2023","16,852.1","16,674.2","16,976.5","16,656.5","247.39K","1.07%"
"Jan 03, 2023","16,674.2","16,673.1","16,773.2","16,607.2","178.73K","-0.00%"
"Jan 02, 2023","16,674.3","16,618.4","16,766.9","16,551.0","136.03K","0.34%"
"Jan 01, 2023","16,618.4","16,537.5","16,621.9","16,499.7","107.84K","0.49%"
"Dec 31, 2022","16,537.4","16,607.2","16,635.9","16,487.3","130.44K","-0.42%"
"Dec 30, 2022","16,607.2","16,636.4","16,644.4","16,360.0","192.76K","-0.18%"
"Dec 29, 2022","16,636.4","16,546.2","16,659.1","16,496.6","181.47K","0.55%"
"Dec 28, 2022","16,546.2","16,705.9","16,781.1","16,474.2","217.96K","-0.96%"
"Dec 27, 2022","16,706.1","16,918.2","16,964.0","16,610.1","192.18K","-1.25%"
"Dec 26, 2022","16,918.1","16,831.8","16,936.1","16,799.4","133.36K","0.51%"
"Dec 25, 2022","16,831.8","16,835.7","16,852.9","16,733.0","132.89K","-0.03%"
"Dec 24, 2022","16,837.2","16,778.6","16,855.8","16,777.8","110.12K","0.35%"
"Dec 23, 2022","16,779.1","16,820.5","16,910.7","16,768.0","184.12K","-0.25%"
"Dec 22, 2022","16,820.6","16,831.8","16,862.2","16,566.1","198.28K","-0.07%"
"Dec 21, 2022","16,831.8","16,902.7","16,919.4","16,735.0","174.34K","-0.42%"
"Dec 20, 2022","16,902.8","16,441.3","17,031.3","16,400.7","284.57K","2.81%"
"Dec 19, 2022","16,441.3","16,741.1","16,809.5","16,331.2","207.93K","-1.79%"
"Dec 18, 2022","16,741.1","16,777.0","16,825.7","16,666.5","124.29K","-0.21%"
"Dec 17, 2022","16,777.1","16,629.0","16,794.4","16,587.0","164.49K","0.89%"
"Dec 16, 2022","16,629.6","17,356.7","17,518.5","16,542.4","303.56K","-4.19%"
"Dec 15, 2022","17,356.1","17,796.4","17,846.1","17,298.2","263.44K","-2.47%"
"Dec 14, 2022","17,796.4","17,778.6","18,351.8","17,682.1","318.98K","0.10%"
"Dec 13, 2022","17,778.6","17,210.9","17,951.6","17,094.5","328.71K","3.30%"
"Dec 12, 2022","17,210.4","17,093.2","17,232.5","16,878.5","249.39K","0.68%"
"Dec 11, 2022","17,093.3","17,127.0","17,262.9","17,080.6","167.20K","-0.20%"
"Dec 10, 2022","17,127.2","17,125.7","17,220.5","17,105.7","148.81K","0.01%"
"Dec 09, 2022","17,125.7","17,225.6","17,288.6","17,082.1","260.84K","-0.58%"
"Dec 08, 2022","17,225.7","16,835.2","17,294.2","16,765.8","261.64K","2.32%"
"Dec 07, 2022","16,835.2","17,089.4","17,126.7","16,715.3","244.36K","-1.49%"
"Dec 06, 2022","17,089.3","16,966.3","17,101.1","16,914.9","246.19K","0.72%"
"Dec 05, 2022","16,966.5","17,106.9","17,395.2","16,886.9","268.72K","-0.85%"
"Dec 04, 2022","17,112.6","16,884.8","17,198.1","16,881.6","197.12K","1.35%"
"Dec 03, 2022","16,884.5","17,093.4","17,132.6","16,862.1","169.29K","-1.22%"
"Dec 02, 2022","17,093.6","16,972.2","17,096.2","16,799.9","227.01K","0.72%"
"Dec 01, 2022","16,972.0","17,163.4","17,244.7","16,868.9","266.14K","-1.12%"
"Nov 30, 2022","17,163.9","16,440.8","17,215.5","16,433.2","348.22K","4.40%"
"Nov 29, 2022","16,440.4","16,211.9","16,531.4","16,100.1","271.58K","1.41%"
"Nov 28, 2022","16,211.7","16,426.1","16,481.4","16,013.5","284.84K","-1.30%"
"Nov 27, 2022","16,425.6","16,456.4","16,595.4","16,414.6","173.25K","-0.19%"
"Nov 26, 2022","16,456.5","16,512.3","16,686.3","16,387.9","194.94K","-0.34%"
"Nov 25, 2022","16,512.3","16,600.6","16,611.8","16,360.9","204.07K","-0.54%"
"Nov 24, 2022","16,601.2","16,604.9","16,785.6","16,472.0","229.59K","-0.14%"
"Nov 23, 2022","16,623.9","16,216.9","16,677.6","16,162.3","305.08K","2.53%"
"Nov 22, 2022","16,212.9","15,776.6","16,274.6","15,620.4","287.21K","2.77%"
"Nov 21, 2022","15,776.2","16,278.6","16,287.9","15,504.2","372.15K","-3.13%"
"Nov 20, 2022","16,286.7","16,699.3","16,749.3","16,209.2","172.83K","-2.47%"
"Nov 19, 2022","16,699.2","16,652.2","16,814.9","16,608.9","114.89K","0.37%"
"Nov 18, 2022","16,638.3","16,715.4","16,846.3","16,553.0","241.96K","-0.32%"
"Nov 17, 2022","16,691.2","16,540.5","16,739.7","16,425.8","257.00K","0.91%"
"Nov 16, 2022","16,540.5","16,895.4","16,993.4","16,408.2","295.73K","-2.10%"
"Nov 15, 2022","16,895.1","16,615.0","17,112.0","16,543.9","337.15K","1.69%"
"Nov 14, 2022","16,613.7","16,325.0","17,158.4","15,834.0","442.46K","1.77%"
"Nov 13, 2022","16,324.5","16,803.9","16,946.5","16,274.9","210.80K","-2.80%"
"Nov 12, 2022","16,795.2","17,049.9","17,100.8","16,633.9","192.91K","-1.49%"
"Nov 11, 2022","17,049.9","17,589.1","17,679.4","16,435.5","466.35K","-3.07%"
"Nov 10, 2022","17,589.1","15,887.0","18,138.2","15,799.3","720.74K","10.71%"
"Nov 09, 2022","15,886.9","18,538.9","18,583.8","15,603.3","869.57K","-14.25%"
"Nov 08, 2022","18,527.4","20,589.0","20,667.5","17,260.0","865.10K","-10.01%"
"Nov 07, 2022","20,589.0","20,916.3","21,055.4","20,410.5","414.24K","-1.56%"
"Nov 06, 2022","20,916.3","21,298.7","21,360.4","20,901.0","242.26K","-1.81%"
"Nov 05, 2022","21,301.6","21,145.7","21,464.7","21,084.1","261.23K","0.74%"
"Nov 04, 2022","21,145.9","20,206.4","21,281.9","20,184.6","499.50K","4.65%"
"Nov 03, 2022","20,206.4","20,154.0","20,384.5","20,066.6","347.23K","0.26%"
"Nov 02, 2022","20,154.4","20,482.9","20,778.3","20,065.8","420.23K","-1.61%"
"Nov 01, 2022","20,483.5","20,496.1","20,676.6","20,348.1","302.72K","-0.06%"
"Oct 31, 2022","20,496.3","20,626.0","20,822.4","20,260.0","327.47K","-0.63%"
"Oct 30, 2022","20,626.3","20,809.4","20,922.3","20,522.5","207.63K","-0.88%"
"Oct 29, 2022","20,809.8","20,594.2","21,038.1","20,561.9","276.54K","1.05%"
"Oct 28, 2022","20,594.4","20,293.0","20,744.0","20,058.2","318.90K","1.49%"
"Oct 27, 2022","20,292.9","20,769.5","20,867.9","20,231.6","365.49K","-2.29%"
"Oct 26, 2022","20,769.5","20,086.8","20,981.5","20,062.9","427.99K","3.42%"
"Oct 25, 2022","20,082.7","19,331.8","20,406.9","19,249.0","371.54K","3.89%"
"Oct 24, 2022","19,331.5","19,571.2","19,588.6","19,177.2","286.94K","-1.22%"
"Oct 23, 2022","19,571.2","19,204.8","19,680.9","19,092.5","180.63K","1.91%"
"Oct 22, 2022","19,204.8","19,162.6","19,249.9","19,116.1","118.24K","0.22%"
"Oct 21, 2022","19,162.6","19,042.9","19,245.5","18,703.3","294.66K","0.63%"
"Oct 20, 2022","19,042.9","19,125.1","19,334.5","18,935.6","253.20K","-0.42%"
"Oct 19, 2022","19,123.9","19,328.2","19,358.6","19,101.2","209.28K","-1.06%"
"Oct 18, 2022","19,328.2","19,548.4","19,692.9","19,102.8","290.07K","-1.13%"
"Oct 17, 2022","19,548.2","19,262.2","19,663.5","19,163.6","248.40K","1.49%"
"Oct 16, 2022","19,261.9","19,068.8","19,411.9","19,066.0","140.95K","1.01%"
"Oct 15, 2022","19,068.7","19,181.7","19,218.7","19,000.8","123.66K","-0.59%"
"Oct 14, 2022","19,181.8","19,379.8","19,933.9","19,098.6","400.45K","-1.02%"
"Oct 13, 2022","19,379.8","19,154.6","19,494.4","18,207.9","455.13K","1.17%"
"Oct 12, 2022","19,154.8","19,058.5","19,212.6","19,010.6","242.18K","0.50%"
"Oct 11, 2022","19,059.1","19,134.3","19,261.3","18,868.7","288.57K","-0.39%"
"Oct 10, 2022","19,134.6","19,441.7","19,520.7","19,057.0","243.77K","-1.58%"
"Oct 09, 2022","19,441.0","19,416.3","19,552.1","19,329.6","127.53K","0.13%"
"Oct 08, 2022","19,415.0","19,530.2","19,612.2","19,274.7","113.50K","-0.60%"
"Oct 07, 2022","19,531.3","19,962.4","20,051.4","19,352.1","263.50K","-2.13%"
"Oct 06, 2022","19,956.7","20,157.5","20,436.7","19,873.7","370.60K","-1.00%"
"Oct 05, 2022","20,157.5","20,340.5","20,353.8","19,761.7","352.76K","-0.90%"
"Oct 04, 2022","20,340.2","19,629.7","20,436.1","19,506.4","368.17K","3.63%"
"Oct 03, 2022","19,628.3","19,057.6","19,676.0","19,001.3","333.03K","3.02%"
"Oct 02, 2022","19,052.2","19,311.9","19,389.9","18,937.3","222.82K","-1.34%"
"Oct 01, 2022","19,311.9","19,422.9","19,480.3","19,172.6","173.91K","-0.57%"
"Sep 30, 2022","19,423.0","19,593.4","20,174.9","19,208.9","490.29K","-0.87%"
"Sep 29, 2022","19,593.0","19,420.2","19,631.5","18,877.9","449.57K","0.94%"
"Sep 28, 2022","19,411.0","19,083.4","19,757.8","18,505.3","581.19K","1.73%"
"Sep 27, 2022","19,081.0","19,228.8","20,361.2","18,850.4","660.12K","-0.75%"
"Sep 26, 2022","19,225.7","18,803.1","19,304.8","18,695.2","516.03K","2.25%"
"Sep 25, 2022","18,803.2","18,925.1","19,125.1","18,659.6","209.71K","-0.64%"
"Sep 24, 2022","18,925.2","19,288.4","19,310.6","18,812.0","258.50K","-1.91%"
"Sep 23, 2022","19,293.5","19,404.1","19,477.3","18,554.8","431.15K","-0.57%"
"Sep 22, 2022","19,404.0","18,488.1","19,490.9","18,371.0","448.63K","4.95%"
"Sep 21, 2022","18,489.0","18,875.1","19,758.4","18,191.8","446.85K","-2.03%"
"Sep 20, 2022","18,872.4","19,538.9","19,626.3","18,742.6","361.18K","-3.41%"
"Sep 19, 2022","19,538.9","19,417.4","19,666.6","18,277.8","423.43K","0.62%"
"Sep 18, 2022","19,418.8","20,113.9","20,113.9","19,347.7","273.11K","-3.45%"
"Sep 17, 2022","20,113.5","19,802.8","20,178.6","19,761.0","204.58K","1.57%"
"Sep 16, 2022","19,802.4","19,701.9","19,883.0","19,352.9","315.59K","0.51%"
"Sep 15, 2022","19,701.7","20,222.3","20,321.4","19,532.3","358.42K","-2.58%"
"Sep 14, 2022","20,222.5","20,175.5","20,503.7","19,654.2","374.22K","0.23%"
"Sep 13, 2022","20,175.5","22,395.3","22,702.5","19,909.6","485.32K","-9.91%"
"Sep 12, 2022","22,395.3","21,836.6","22,465.4","21,581.6","431.98K","2.57%"
"Sep 11, 2022","21,834.9","21,650.4","21,836.4","21,363.0","297.12K","0.85%"
"Sep 10, 2022","21,650.4","21,363.8","21,790.6","21,139.9","331.12K","1.33%"
"Sep 09, 2022","21,365.2","19,318.8","21,545.7","19,294.1","480.37K","10.60%"
"Sep 08, 2022","19,317.4","19,281.5","19,444.7","19,034.5","291.43K","0.19%"
"Sep 07, 2022","19,281.5","18,786.3","19,445.9","18,548.4","319.10K","2.64%"
"Sep 06, 2022","18,786.4","19,793.4","20,169.3","18,723.3","402.43K","-5.09%"
"Sep 05, 2022","19,793.1","19,999.9","20,042.9","19,650.7","238.71K","-1.03%"
"Sep 04, 2022","19,999.9","19,832.2","20,017.8","19,594.7","158.27K","0.85%"
"Sep 03, 2022","19,831.4","19,952.8","20,043.8","19,660.7","157.85K","-0.61%"
"Sep 02, 2022","19,952.7","20,131.6","20,428.2","19,764.7","272.22K","-0.86%"
"Sep 01, 2022","20,126.1","20,049.9","20,202.7","19,584.4","275.08K","0.41%"
"Aug 31, 2022","20,043.9","19,793.4","20,469.1","19,793.4","318.17K","1.27%"
"Aug 30, 2022","19,792.6","20,295.6","20,558.2","19,559.7","308.41K","-2.48%"
"Aug 29, 2022","20,295.8","19,551.3","20,394.5","19,551.2","248.04K","3.81%"
"Aug 28, 2022","19,550.2","20,034.2","20,150.8","19,542.9","159.60K","-2.41%"
"Aug 27, 2022","20,033.9","20,249.9","20,343.6","19,849.8","187.34K","-1.07%"
"Aug 26, 2022","20,249.9","21,564.2","21,815.3","20,122.4","322.16K","-6.10%"
"Aug 25, 2022","21,565.4","21,365.4","21,801.2","21,324.8","190.15K","0.94%"
"Aug 24, 2022","21,365.2","21,516.2","21,832.3","21,171.1","202.40K","-0.71%"
"Aug 23, 2022","21,517.2","21,416.5","21,661.0","20,919.6","228.65K","0.47%"
"Aug 22, 2022","21,416.3","21,516.8","21,517.4","20,912.1","251.83K","-0.47%"
"Aug 21, 2022","21,517.2","21,138.9","21,692.4","21,077.4","177.52K","1.79%"
"Aug 20, 2022","21,138.9","20,830.7","21,357.4","20,784.8","206.94K","1.48%"
"Aug 19, 2022","20,831.3","23,201.6","23,202.3","20,807.8","339.47K","-10.22%"
"Aug 18, 2022","23,203.6","23,337.7","23,578.0","23,131.3","160.97K","-0.58%"
"Aug 17, 2022","23,338.0","23,855.8","24,423.5","23,191.6","239.53K","-2.17%"
"Aug 16, 2022","23,856.8","24,102.6","24,240.8","23,693.8","201.70K","-1.02%"
"Aug 15, 2022","24,101.7","24,303.3","25,205.7","23,784.5","279.28K","-0.83%"
"Aug 14, 2022","24,302.8","24,442.1","24,997.3","24,172.2","177.25K","-0.57%"
"Aug 13, 2022","24,442.5","24,398.9","24,882.9","24,318.7","170.59K","0.18%"
"Aug 12, 2022","24,398.7","23,935.3","24,440.8","23,616.4","194.96K","1.94%"
"Aug 11, 2022","23,935.3","23,963.3","24,873.5","23,864.0","285.36K","-0.12%"
"Aug 10, 2022","23,962.9","23,150.3","24,209.9","22,714.7","243.61K","3.53%"
"Aug 09, 2022","23,146.7","23,818.1","23,912.0","22,886.5","169.62K","-2.81%"
"Aug 08, 2022","23,816.3","23,175.3","24,234.1","23,160.6","197.94K","2.77%"
"Aug 07, 2022","23,175.3","22,944.2","23,387.7","22,852.3","99.36K","1.01%"
"Aug 06, 2022","22,944.2","23,308.2","23,344.4","22,923.6","94.44K","-1.56%"
"Aug 05, 2022","23,308.2","22,613.3","23,447.6","22,593.5","208.90K","3.08%"
"Aug 04, 2022","22,612.1","22,822.2","23,214.5","22,438.7","181.19K","-0.91%"
"Aug 03, 2022","22,820.8","22,988.7","23,623.7","22,698.6","174.66K","-0.73%"
"Aug 02, 2022","22,988.6","23,271.1","23,423.3","22,670.8","177.30K","-1.21%"
"Aug 01, 2022","23,271.2","23,303.4","23,484.4","22,863.8","162.33K","-0.14%"
"Jul 31, 2022","23,303.4","23,634.2","24,179.3","23,236.2","138.84K","-1.40%"
"Jul 30, 2022","23,634.2","23,774.2","24,605.3","23,521.8","168.72K","-0.59%"
"Jul 29, 2022","23,774.3","23,850.2","24,340.0","23,451.4","221.66K","-0.32%"
"Jul 28, 2022","23,850.0","22,957.7","24,190.5","22,611.6","268.32K","3.88%"
"Jul 27, 2022","22,958.3","21,248.0","23,027.8","21,047.5","242.66K","8.05%"
"Jul 26, 2022","21,248.7","21,301.6","21,322.3","20,737.3","201.57K","-0.25%"
"Jul 25, 2022","21,301.9","22,582.3","22,653.3","21,275.4","206.93K","-5.67%"
"Jul 24, 2022","22,582.1","22,449.8","22,987.9","22,281.3","126.66K","0.54%"
"Jul 23, 2022","22,460.4","22,683.6","22,991.0","21,971.7","137.42K","-0.95%"
"Jul 22, 2022","22,675.2","23,150.0","23,741.4","22,524.2","197.54K","-2.06%"
"Jul 21, 2022","23,153.0","23,219.9","23,403.8","22,360.2","217.08K","-0.27%"
"Jul 20, 2022","23,215.2","23,412.0","24,258.0","22,944.4","281.31K","-0.83%"
"Jul 19, 2022","23,410.2","22,529.3","23,757.3","21,581.8","308.91K","3.93%"
"Jul 18, 2022","22,525.8","20,785.6","22,714.9","20,770.6","279.72K","8.37%"
"Jul 17, 2022","20,785.6","21,209.8","21,654.4","20,755.2","132.81K","-2.00%"
"Jul 16, 2022","21,209.9","20,825.2","21,561.3","20,484.4","136.89K","1.85%"
"Jul 15, 2022","20,825.1","20,586.1","21,178.1","20,393.4","164.67K","1.16%"
"Jul 14, 2022","20,586.0","20,250.0","20,862.2","19,664.9","205.28K","1.66%"
"Jul 13, 2022","20,250.0","19,331.6","20,250.8","18,942.2","249.38K","4.75%"
"Jul 12, 2022","19,330.9","19,963.2","20,051.7","19,279.6","167.91K","-3.17%"
"Jul 11, 2022","19,963.2","20,847.2","20,855.0","19,897.0","160.20K","-4.24%"
"Jul 10, 2022","20,847.4","21,587.4","21,599.2","20,689.7","204.68K","-3.43%"
"Jul 09, 2022","21,587.5","21,610.4","21,944.1","21,338.4","190.11K","-0.11%"
"Jul 08, 2022","21,611.2","21,637.1","22,482.1","21,207.0","439.90K","-0.12%"
"Jul 07, 2022","21,637.8","20,557.9","21,817.8","20,282.7","115.81K","5.24%"
"Jul 06, 2022","20,561.1","20,180.4","20,654.9","19,785.3","105.24K","1.78%"
"Jul 05, 2022","20,200.6","20,215.8","20,706.9","19,315.4","122.43K","-0.08%"
"Jul 04, 2022","20,215.8","19,310.6","20,303.8","19,052.5","92.79K","4.69%"
"Jul 03, 2022","19,309.9","19,243.4","19,626.4","18,794.4","65.27K","0.35%"
"Jul 02, 2022","19,243.2","19,275.4","19,425.4","19,006.4","58.57K","-0.10%"
"Jul 01, 2022","19,262.9","19,926.6","20,785.6","18,980.1","150.18K","-3.33%"
"Jun 30, 2022","19,926.6","20,111.3","20,155.1","18,682.7","127.73K","-0.92%"
"Jun 29, 2022","20,111.3","20,278.0","20,415.8","19,880.7","98.97K","-0.82%"
"Jun 28, 2022","20,278.0","20,727.9","21,200.2","20,210.5","83.83K","-2.18%"
"Jun 27, 2022","20,730.2","21,037.7","21,497.5","20,568.0","84.69K","-1.49%"
"Jun 26, 2022","21,043.5","21,489.9","21,837.4","20,989.7","67.21K","-2.08%"
"Jun 25, 2022","21,489.9","21,226.9","21,553.4","20,917.5","66.63K","1.24%"
"Jun 24, 2022","21,226.9","21,100.9","21,488.7","20,743.9","104.56K","0.60%"
"Jun 23, 2022","21,100.7","19,967.3","21,189.8","19,907.5","110.70K","5.68%"
"Jun 22, 2022","19,965.8","20,720.2","20,864.3","19,780.2","125.94K","-3.64%"
"Jun 21, 2022","20,720.4","20,571.6","21,689.3","20,371.7","136.32K","0.72%"
"Jun 20, 2022","20,572.3","20,576.9","20,996.8","19,658.8","140.60K","-0.02%"
"Jun 19, 2022","20,577.2","18,983.4","20,763.5","17,983.7","169.39K","8.38%"
"Jun 18, 2022","18,986.5","20,446.4","20,744.7","17,630.5","267.25K","-7.13%"
"Jun 17, 2022","20,444.6","20,391.3","21,315.4","20,244.1","136.27K","0.28%"
"Jun 16, 2022","20,386.6","22,577.9","22,942.1","20,231.1","144.00K","-9.71%"
"Jun 15, 2022","22,577.9","22,137.5","22,754.4","20,125.8","280.41K","1.90%"
"Jun 14, 2022","22,157.3","22,449.1","23,200.3","20,860.9","251.01K","-1.29%"
"Jun 13, 2022","22,448.0","26,606.3","26,857.6","22,006.3","379.26K","-15.63%"
"Jun 12, 2022","26,606.3","28,404.0","28,534.8","26,606.3","120.02K","-6.33%"
"Jun 11, 2022","28,403.4","29,083.3","29,426.6","28,161.8","82.92K","-2.34%"
"Jun 10, 2022","29,083.3","30,097.4","30,325.6","28,884.9","104.26K","-3.37%"
"Jun 09, 2022","30,097.8","30,202.1","30,691.4","29,953.8","61.72K","-0.34%"
"Jun 08, 2022","30,201.6","31,127.2","31,312.1","29,874.8","87.96K","-2.98%"
"Jun 07, 2022","31,128.8","31,370.3","31,556.6","29,235.0","140.32K","-0.76%"
"Jun 06, 2022","31,367.6","29,911.2","31,753.4","29,888.6","94.01K","4.86%"
"Jun 05, 2022","29,913.0","29,865.1","30,166.9","29,539.0","30.33K","0.16%"
"Jun 04, 2022","29,864.3","29,700.9","29,963.8","29,489.5","33.51K","0.55%"
"Jun 03, 2022","29,700.9","30,455.7","30,674.8","29,330.8","72.13K","-2.48%"
"Jun 02, 2022","30,455.5","29,798.6","30,638.5","29,604.4","81.40K","2.20%"
"Jun 01, 2022","29,798.5","31,793.1","31,969.9","29,396.6","135.09K","-6.27%"
"May 31, 2022","31,793.4","31,730.2","32,377.5","31,221.2","86.60K","0.22%"
"May 30, 2022","31,723.3","29,465.2","32,185.6","29,307.2","129.56K","7.66%"
"May 29, 2022","29,465.2","29,027.1","29,556.5","28,838.7","36.87K","1.51%"
"May 28, 2022","29,027.1","28,620.1","29,194.4","28,537.2","43.87K","1.49%"
"May 27, 2022","28,601.2","29,194.0","29,377.1","28,282.2","116.41K","-2.06%"
"May 26, 2022","29,203.5","29,537.9","29,868.9","28,077.9","126.71K","-1.14%"
"May 25, 2022","29,540.6","29,648.7","30,202.3","29,353.5","78.85K","-0.36%"
"May 24, 2022","29,648.7","29,091.6","29,810.8","28,706.1","79.42K","1.91%"
"May 23, 2022","29,093.3","30,287.3","30,644.8","28,913.6","92.10K","-3.94%"
"May 22, 2022","30,286.6","29,433.0","30,462.0","29,260.1","50.60K","2.89%"
"May 21, 2022","29,434.6","29,188.7","29,623.2","28,953.9","32.27K","0.88%"
"May 20, 2022","29,178.6","30,305.9","30,735.1","28,738.5","98.78K","-3.72%"
"May 19, 2022","30,305.9","28,700.4","30,525.1","28,682.1","101.38K","5.66%"
"May 18, 2022","28,683.7","30,437.5","30,687.9","28,648.1","92.03K","-5.76%"
"May 17, 2022","30,437.5","29,856.7","30,720.1","29,484.5","79.63K","1.97%"
"May 16, 2022","29,849.0","31,308.3","31,312.4","29,135.8","100.25K","-4.66%"
"May 15, 2022","31,308.7","30,078.6","31,383.8","29,499.4","65.44K","4.08%"
"May 14, 2022","30,080.4","29,285.2","30,277.4","28,666.7","70.46K","2.72%"
"May 13, 2022","29,284.4","28,994.3","31,002.7","28,755.0","141.23K","1.06%"
"May 12, 2022","28,976.0","29,073.4","30,136.7","26,500.5","309.48K","-0.32%"
"May 11, 2022","29,068.2","31,008.0","32,113.6","27,835.5","296.90K","-6.25%"
"May 10, 2022","31,007.5","30,098.2","32,621.2","29,831.0","235.61K","3.03%"
"May 09, 2022","30,095.0","34,041.0","34,227.0","30,095.0","268.09K","-11.64%"
"May 08, 2022","34,060.0","35,468.0","35,497.0","33,727.0","671.05M","-3.97%"
"May 07, 2022","35,468.0","36,003.0","36,119.0","34,773.0","288.86M","-1.50%"
"May 06, 2022","36,009.0","36,540.0","36,646.0","35,267.0","752.84M","-1.46%"
"May 05, 2022","36,544.0","39,686.0","39,833.0","36,183.0","1.04B","-7.92%"
"May 04, 2022","39,688.0","37,717.0","40,021.0","37,660.0","691.49M","5.22%"
"May 03, 2022","37,718.0","38,515.0","38,647.0","37,513.0","367.21M","-2.07%"
"May 02, 2022","38,514.0","38,472.0","39,134.0","38,061.0","580.79M","0.14%"
"May 01, 2022","38,461.0","37,642.0","38,676.0","37,397.0","276.99M","2.15%"
"Apr 30, 2022","37,650.0","38,590.0","38,776.0","37,596.0","248.22M","-2.41%"
"Apr 29, 2022","38,581.0","39,748.0","39,919.0","38,175.0","382.90M","-2.94%"
"Apr 28, 2022","39,748.0","39,243.0","40,382.0","38,888.0","542.39M","1.29%"
"Apr 27, 2022","39,243.0","38,113.0","39,447.0","37,869.0","426.83M","2.96%"
"Apr 26, 2022","38,113.0","40,443.0","40,770.0","37,708.0","681.47M","-5.72%"
"Apr 25, 2022","40,427.0","39,464.0","40,599.0","38,233.0","654.60M","2.44%"
"Apr 24, 2022","39,464.0","39,434.0","39,929.0","39,033.0","283.63M","0.12%"
"Apr 23, 2022","39,418.0","39,709.0","39,973.0","39,291.0","190.60M","-0.73%"
"Apr 22, 2022","39,709.0","40,487.0","40,792.0","39,200.0","421.30M","-1.91%"
"Apr 21, 2022","40,482.0","41,370.0","42,969.0","39,793.0","493.05M","-2.14%"
"Apr 20, 2022","41,368.0","41,499.0","42,203.0","40,915.0","382.84M","-0.33%"
"Apr 19, 2022","41,503.0","40,809.0","41,746.0","40,585.0","268.28M","1.72%"
"Apr 18, 2022","40,803.0","39,700.0","41,095.0","38,577.0","484.26M","2.77%"
"Apr 17, 2022","39,703.0","40,382.0","40,599.0","39,561.0","210.01M","-1.68%"
"Apr 16, 2022","40,382.0","40,571.0","40,691.0","40,003.0","151.31M","-0.44%"
"Apr 15, 2022","40,560.0","39,936.0","40,850.0","39,781.0","233.09M","1.56%"
"Apr 14, 2022","39,936.0","41,133.0","41,494.0","39,585.0","294.29M","-2.91%"
"Apr 13, 2022","41,133.0","40,072.0","41,515.0","39,581.0","406.70M","2.63%"
"Apr 12, 2022","40,078.0","39,507.0","40,678.0","39,265.0","468.27M","1.47%"
"Apr 11, 2022","39,497.0","42,144.0","42,418.0","39,202.0","608.38M","-6.27%"
"Apr 10, 2022","42,138.0","42,760.0","43,421.0","41,884.0","255.83M","-1.47%"
"Apr 09, 2022","42,767.0","42,275.0","42,809.0","42,129.0","165.16M","1.16%"
"Apr 08, 2022","42,275.0","43,450.0","43,979.0","42,113.0","467.83M","-2.70%"
"Apr 07, 2022","43,448.0","43,166.0","43,893.0","42,747.0","390.85M","0.64%"
"Apr 06, 2022","43,173.0","45,494.0","45,519.0","43,122.0","649.52M","-5.13%"
"Apr 05, 2022","45,506.0","46,614.0","47,201.0","45,388.0","421.11M","-2.41%"
"Apr 04, 2022","46,629.0","46,407.0","46,899.0","45,152.0","446.12M","0.48%"
"Apr 03, 2022","46,407.0","45,813.0","47,435.0","45,554.0","398.86M","1.30%"
"Apr 02, 2022","45,811.0","46,299.0","47,212.0","45,641.0","345.93M","-1.05%"
"Apr 01, 2022","46,297.0","45,529.0","46,728.0","44,261.0","632.93M","1.70%"
"Mar 31, 2022","45,525.0","47,071.0","47,624.0","45,228.0","520.00M","-3.29%"
"Mar 30, 2022","47,075.0","47,449.0","47,714.0","46,601.0","467.76M","-0.79%"
"Mar 29, 2022","47,449.0","47,126.0","48,127.0","47,029.0","478.82M","0.73%"
"Mar 28, 2022","47,105.0","46,859.0","48,199.0","46,672.0","610.27M","0.52%"
"Mar 27, 2022","46,859.0","44,542.0","46,947.0","44,445.0","388.79M","5.19%"
"Mar 26, 2022","44,548.0","44,331.0","44,818.0","44,090.0","196.30M","0.49%"
"Mar 25, 2022","44,331.0","44,013.0","45,112.0","43,622.0","494.09M","0.72%"
"Mar 24, 2022","44,013.0","42,911.0","44,251.0","42,658.0","491.66M","2.57%"
"Mar 23, 2022","42,912.0","42,373.0","43,027.0","41,795.0","433.96M","1.27%"
"Mar 22, 2022","42,373.0","41,022.0","43,327.9","40,893.0","537.06M","3.29%"
"Mar 21, 2022","41,022.0","41,282.0","41,532.0","40,530.0","406.62M","-0.62%"
"Mar 20, 2022","41,276.0","42,241.0","42,301.0","40,922.0","308.45M","-2.27%"
"Mar 19, 2022","42,233.0","41,768.0","42,386.0","41,529.6","224.59M","1.11%"
"Mar 18, 2022","41,767.8","40,914.6","42,308.4","40,234.8","2.31B","2.08%"
"Mar 17, 2022","40,914.8","41,118.7","41,406.0","40,557.8","1.90B","-0.50%"
"Mar 16, 2022","41,118.7","39,282.5","41,701.6","38,953.2","4.47B","4.67%"
"Mar 15, 2022","39,285.7","39,673.0","39,854.7","38,220.9","2.25B","-0.97%"
"Mar 14, 2022","39,671.1","37,789.5","39,914.3","37,613.6","2.33B","4.97%"
"Mar 13, 2022","37,792.4","38,813.2","39,272.3","37,603.4","1.55B","-2.63%"
"Mar 12, 2022","38,814.3","38,730.2","39,355.3","38,666.5","1.11B","0.22%"
"Mar 11, 2022","38,730.2","39,422.5","40,177.0","38,236.4","2.79B","-1.74%"
"Mar 10, 2022","39,416.3","41,933.9","42,029.1","38,603.5","3.62B","-5.99%"
"Mar 09, 2022","41,929.0","38,731.5","42,538.5","38,663.3","3.60B","8.22%"
"Mar 08, 2022","38,744.8","38,020.6","39,351.5","37,886.6","2.67B","1.89%"
"Mar 07, 2022","38,024.8","38,420.6","39,532.0","37,182.1","3.02B","-0.99%"
"Mar 06, 2022","38,403.1","39,396.3","39,668.1","38,115.0","1.93B","-2.52%"
"Mar 05, 2022","39,395.8","39,142.8","39,600.2","38,626.1","1.50B","0.65%"
"Mar 04, 2022","39,142.7","42,463.0","42,848.7","38,594.9","3.21B","-7.82%"
"Mar 03, 2022","42,463.0","43,912.8","44,077.2","41,840.8","74.11K","-3.30%"
"Mar 02, 2022","43,912.8","44,420.3","45,294.2","43,361.3","80.82K","-1.14%"
"Mar 01, 2022","44,420.3","43,187.2","44,900.5","42,876.6","90.67K","2.85%"
"Feb 28, 2022","43,188.2","37,707.2","43,977.8","37,458.9","108.07K","14.59%"
"Feb 27, 2022","37,689.1","39,116.6","39,838.5","37,062.3","66.14K","-3.65%"
"Feb 26, 2022","39,115.5","39,221.6","40,094.5","38,639.1","41.55K","-0.24%"
"Feb 25, 2022","39,209.6","38,339.2","39,683.7","38,042.6","83.78K","2.27%"
"Feb 24, 2022","38,339.2","37,250.2","39,351.6","34,357.4","180.47K","2.99%"
"Feb 23, 2022","37,224.6","38,248.2","39,194.5","37,099.5","64.84K","-2.68%"
"Feb 22, 2022","38,248.2","37,018.3","38,414.9","36,399.6","82.75K","3.32%"
"Feb 21, 2022","37,017.7","38,355.0","39,444.1","36,868.9","91.82K","-3.49%"
"Feb 20, 2022","38,355.0","40,089.6","40,120.3","38,042.2","47.92K","-4.33%"
"Feb 19, 2022","40,090.3","40,000.1","40,434.3","39,666.6","25.78K","0.23%"
"Feb 18, 2022","40,000.1","40,532.5","40,935.5","39,505.0","64.96K","-1.36%"
"Feb 17, 2022","40,552.8","43,885.5","44,167.1","40,103.8","72.63K","-7.59%"
"Feb 16, 2022","43,883.6","44,540.9","44,552.9","43,377.6","41.40K","-1.48%"
"Feb 15, 2022","44,544.4","42,550.3","44,722.6","42,460.1","56.34K","4.69%"
"Feb 14, 2022","42,550.3","42,061.1","42,799.7","41,591.3","53.60K","1.16%"
"Feb 13, 2022","42,061.1","42,205.5","42,725.1","41,880.1","25.88K","-0.34%"
"Feb 12, 2022","42,205.2","42,388.4","43,006.4","41,776.8","37.88K","-0.43%"
"Feb 11, 2022","42,388.4","43,519.3","43,915.1","42,023.4","69.95K","-2.60%"
"Feb 10, 2022","43,521.0","44,388.9","45,755.2","43,242.5","89.69K","-1.96%"
"Feb 09, 2022","44,388.9","44,038.2","44,800.4","43,163.0","50.92K","0.80%"
"Feb 08, 2022","44,038.2","43,833.9","45,399.8","42,705.0","92.88K","0.47%"
"Feb 07, 2022","43,833.9","42,385.2","44,468.3","41,695.4","76.60K","3.40%"
"Feb 06, 2022","42,392.2","41,411.9","42,614.8","41,176.3","31.20K","2.37%"
"Feb 05, 2022","41,412.1","41,566.5","41,899.8","40,963.3","46.32K","-0.37%"
"Feb 04, 2022","41,567.6","37,287.8","41,689.0","37,041.1","95.49K","11.48%"
"Feb 03, 2022","37,287.8","36,890.2","37,304.3","36,297.3","50.35K","1.08%"
"Feb 02, 2022","36,890.2","38,711.2","38,853.8","36,682.3","53.74K","-4.70%"
"Feb 01, 2022","38,709.7","38,475.6","39,230.0","38,037.9","55.20K","0.55%"
"Jan 31, 2022","38,498.6","37,923.8","38,701.4","36,672.8","61.27K","1.53%"
"Jan 30, 2022","37,917.7","38,167.5","38,313.3","37,390.6","34.10K","-0.66%"
"Jan 29, 2022","38,170.8","37,736.5","38,663.7","37,350.2","42.77K","1.13%"
"Jan 28, 2022","37,745.1","37,195.6","37,995.9","36,176.5","69.45K","1.56%"
"Jan 27, 2022","37,164.3","36,800.1","37,215.4","35,543.2","83.52K","0.99%"
"Jan 26, 2022","36,800.4","36,962.3","38,862.6","36,280.0","107.87K","-0.41%"
"Jan 25, 2022","36,950.6","36,691.3","37,501.8","35,729.3","79.68K","0.72%"
"Jan 24, 2022","36,686.3","36,268.6","37,424.0","32,985.6","153.77K","1.15%"
"Jan 23, 2022","36,269.5","35,072.9","36,513.0","34,655.2","70.43K","3.40%"
"Jan 22, 2022","35,075.2","36,467.7","36,749.8","34,116.0","138.09K","-3.84%"
"Jan 21, 2022","36,475.5","40,698.1","41,104.6","35,503.9","155.80K","-10.41%"
"Jan 20, 2022","40,715.9","41,683.6","43,487.1","40,568.3","65.28K","-2.31%"
"Jan 19, 2022","41,677.8","42,365.3","42,558.0","41,160.9","53.77K","-1.62%"
"Jan 18, 2022","42,364.6","42,209.9","42,674.2","41,300.7","47.32K","0.37%"
"Jan 17, 2022","42,209.3","43,080.5","43,179.6","41,559.4","41.44K","-2.02%"
"Jan 16, 2022","43,079.1","43,079.2","43,462.0","42,643.3","28.66K","-0.04%"
"Jan 15, 2022","43,097.0","43,073.6","43,777.9","42,586.1","31.44K","0.06%"
"Jan 14, 2022","43,073.3","42,562.2","43,435.1","41,848.7","50.50K","1.21%"
"Jan 13, 2022","42,560.0","43,900.0","44,404.7","42,337.5","53.42K","-3.05%"
"Jan 12, 2022","43,901.0","42,735.0","44,243.6","42,476.7","53.95K","2.73%"
"Jan 11, 2022","42,733.2","41,829.1","43,090.2","41,287.6","61.78K","2.15%"
"Jan 10, 2022","41,832.2","41,848.9","42,243.8","39,697.0","85.50K","-0.04%"
"Jan 09, 2022","41,848.3","41,681.2","42,764.4","41,260.9","37.51K","0.42%"
"Jan 08, 2022","41,672.0","41,551.3","42,304.4","40,574.3","52.54K","0.30%"
"Jan 07, 2022","41,546.7","43,097.9","43,127.7","40,810.0","88.36K","-3.60%"
"Jan 06, 2022","43,097.5","43,431.6","43,772.3","42,481.1","63.08K","-0.76%"
"Jan 05, 2022","43,425.9","45,833.1","47,019.4","42,535.1","83.74K","-5.26%"
"Jan 04, 2022","45,837.3","46,435.7","47,505.4","45,602.1","55.59K","-1.28%"
"Jan 03, 2022","46,430.2","47,293.9","47,556.0","45,704.0","41.06K","-1.86%"
"Jan 02, 2022","47,311.8","47,738.7","47,944.9","46,718.2","27.02K","-0.89%"
"Jan 01, 2022","47,738.0","46,217.5","47,917.6","46,217.5","31.24K","3.29%"
"Dec 31, 2021","46,219.5","47,123.3","48,553.9","45,693.6","58.18K","-1.92%"
"Dec 30, 2021","47,123.3","46,470.7","47,901.4","46,003.0","60.96K","1.42%"
"Dec 29, 2021","46,461.7","47,548.4","48,121.7","46,127.8","63.92K","-2.28%"
"Dec 28, 2021","47,545.2","50,703.4","50,703.8","47,345.7","74.39K","-6.18%"
"Dec 27, 2021","50,678.2","50,783.6","52,016.3","50,459.0","43.90K","-0.20%"
"Dec 26, 2021","50,779.9","50,404.0","51,247.0","49,527.0","32.34K","0.74%"
"Dec 25, 2021","50,406.4","50,789.6","51,140.2","50,196.8","26.67K","-0.75%"
"Dec 24, 2021","50,786.1","50,807.4","51,795.3","50,428.4","45.97K","-0.03%"
"Dec 23, 2021","50,801.0","48,599.6","51,355.6","48,053.4","56.24K","4.53%"
"Dec 22, 2021","48,599.7","48,898.7","49,540.3","48,449.7","40.89K","-0.62%"
"Dec 21, 2021","48,902.0","46,900.1","49,306.1","46,654.0","57.88K","4.28%"
"Dec 20, 2021","46,895.2","46,703.4","47,488.9","45,577.3","57.53K","0.41%"
"Dec 19, 2021","46,704.5","46,855.7","48,270.2","46,438.4","44.05K","-0.32%"
"Dec 18, 2021","46,856.2","46,171.8","47,330.2","45,513.4","36.93K","1.48%"
"Dec 17, 2021","46,172.2","47,630.4","47,997.2","45,523.8","67.50K","-3.06%"
"Dec 16, 2021","47,628.2","48,876.6","49,387.8","47,543.9","48.20K","-2.54%"
"Dec 15, 2021","48,871.5","48,366.2","49,477.9","46,572.6","80.28K","1.04%"
"Dec 14, 2021","48,366.5","46,709.8","48,635.0","46,338.3","62.54K","3.56%"
"Dec 13, 2021","46,703.6","50,075.9","50,196.1","45,848.2","80.37K","-6.74%"
"Dec 12, 2021","50,081.0","49,332.5","50,779.2","48,670.5","40.30K","1.55%"
"Dec 11, 2021","49,314.5","47,138.4","49,487.0","46,834.0","45.23K","4.62%"
"Dec 10, 2021","47,137.2","47,591.7","49,974.8","47,007.1","68.06K","-0.97%"
"Dec 09, 2021","47,596.6","50,477.6","50,790.2","47,341.9","58.69K","-5.70%"
"Dec 08, 2021","50,473.9","50,596.6","51,204.7","48,700.7","55.59K","-0.24%"
"Dec 07, 2021","50,595.2","50,547.4","51,918.6","50,070.9","56.29K","0.07%"
"Dec 06, 2021","50,562.1","49,412.1","50,913.3","47,237.9","89.68K","2.34%"
"Dec 05, 2021","49,405.5","49,196.4","49,689.3","47,797.8","72.03K","0.43%"
"Dec 04, 2021","49,195.2","53,620.7","53,847.2","42,587.8","168.00K","-8.27%"
"Dec 03, 2021","53,631.5","56,495.2","57,543.6","52,008.9","89.20K","-5.07%"
"Dec 02, 2021","56,496.0","57,207.8","57,377.5","55,807.9","54.94K","-1.25%"
"Dec 01, 2021","57,210.3","56,891.7","59,064.3","56,496.5","66.75K","0.58%"
"Nov 30, 2021","56,882.9","57,795.2","59,174.4","55,936.9","73.66K","-1.58%"
"Nov 29, 2021","57,794.8","57,288.1","58,855.2","56,726.7","58.65K","0.88%"
"Nov 28, 2021","57,291.5","54,758.0","57,392.3","53,448.3","49.28K","4.61%"
"Nov 27, 2021","54,765.9","53,747.2","55,280.3","53,654.3","40.71K","1.93%"
"Nov 26, 2021","53,730.9","58,937.3","59,151.1","53,533.5","104.03K","-8.83%"
"Nov 25, 2021","58,935.1","57,167.1","59,387.3","57,029.8","56.79K","3.08%"
"Nov 24, 2021","57,171.7","57,559.4","57,697.4","55,910.6","56.68K","-0.70%"
"Nov 23, 2021","57,573.2","56,304.8","57,855.1","55,542.5","72.48K","2.25%"
"Nov 22, 2021","56,308.8","58,719.7","59,288.3","55,656.8","76.45K","-4.10%"
"Nov 21, 2021","58,714.3","59,724.0","60,002.6","58,528.3","40.98K","-1.68%"
"Nov 20, 2021","59,717.6","58,080.8","59,854.6","57,435.3","44.53K","2.81%"
"Nov 19, 2021","58,083.4","56,908.3","58,335.9","55,626.3","74.44K","1.98%"
"Nov 18, 2021","56,955.3","60,368.2","60,936.9","56,524.4","100.37K","-5.65%"
"Nov 17, 2021","60,367.8","60,074.2","60,814.5","58,531.9","73.93K","0.46%"
"Nov 16, 2021","60,089.1","63,605.1","63,605.6","58,655.9","115.36K","-5.52%"
"Nov 15, 2021","63,597.9","65,514.9","66,311.2","63,439.5","53.53K","-2.92%"
"Nov 14, 2021","65,508.2","64,397.2","65,508.2","63,608.3","33.98K","1.72%"
"Nov 13, 2021","64,398.6","64,133.3","64,906.0","63,381.4","30.34K","0.41%"
"Nov 12, 2021","64,134.5","64,782.6","65,449.7","62,309.7","63.27K","-1.04%"
"Nov 11, 2021","64,806.7","64,922.8","65,583.3","64,121.9","50.37K","-0.19%"
"Nov 10, 2021","64,932.6","66,942.6","68,990.6","62,951.3","96.21K","-2.95%"
"Nov 09, 2021","66,904.4","67,528.7","68,493.3","66,334.9","66.13K","-0.92%"
"Nov 08, 2021","67,527.9","63,276.4","67,763.3","63,276.4","81.08K","6.72%"
"Nov 07, 2021","63,273.2","61,483.8","63,273.2","61,347.2","34.34K","2.91%"
"Nov 06, 2021","61,483.9","60,973.2","61,543.2","60,093.6","34.89K","0.84%"
"Nov 05, 2021","60,974.3","61,411.5","62,560.3","60,742.4","44.46K","-0.71%"
"Nov 04, 2021","61,412.6","62,915.4","63,077.6","60,742.9","49.91K","-2.39%"
"Nov 03, 2021","62,918.5","63,223.5","63,508.6","60,883.0","61.05K","-0.48%"
"Nov 02, 2021","63,221.7","60,912.2","64,256.4","60,651.5","65.26K","3.79%"
"Nov 01, 2021","60,915.3","61,310.1","62,430.1","59,612.7","61.21K","-0.64%"
"Oct 31, 2021","61,309.6","61,842.2","62,393.7","60,005.7","50.06K","-0.86%"
"Oct 30, 2021","61,840.1","62,245.0","62,338.5","60,786.0","40.51K","-0.65%"
"Oct 29, 2021","62,242.8","60,579.9","62,952.2","60,322.2","63.39K","2.74%"
"Oct 28, 2021","60,582.5","58,437.2","62,251.3","58,128.1","88.47K","3.67%"
"Oct 27, 2021","58,438.1","60,312.5","61,452.9","58,112.6","88.11K","-3.11%"
"Oct 26, 2021","60,310.8","63,067.5","63,275.1","59,907.3","57.13K","-4.37%"
"Oct 25, 2021","63,067.0","60,864.3","63,694.8","60,655.8","51.06K","3.62%"
"Oct 24, 2021","60,866.5","61,308.2","61,469.9","59,523.7","42.67K","-0.73%"
"Oct 23, 2021","61,312.5","60,693.2","61,728.7","59,738.3","37.05K","1.03%"
"Oct 22, 2021","60,690.3","62,200.8","63,699.7","60,055.7","75.69K","-2.44%"
"Oct 21, 2021","62,210.2","66,004.6","66,616.9","62,092.1","105.38K","-5.71%"
"Oct 20, 2021","65,979.1","64,276.9","66,967.1","63,543.7","79.87K","2.65%"
"Oct 19, 2021","64,278.5","62,030.2","64,454.0","61,451.0","80.16K","3.58%"
"Oct 18, 2021","62,056.3","61,525.8","62,623.6","60,026.9","80.15K","0.86%"
"Oct 17, 2021","61,527.5","60,865.5","61,651.4","59,143.4","53.39K","1.09%"
"Oct 16, 2021","60,861.1","61,669.2","62,329.2","60,161.9","49.93K","-1.32%"
"Oct 15, 2021","61,672.5","57,348.2","62,892.8","56,874.8","121.48K","7.54%"
"Oct 14, 2021","57,345.8","57,370.4","58,506.5","56,866.8","59.84K","-0.06%"
"Oct 13, 2021","57,380.1","56,014.5","57,697.4","54,314.4","73.62K","2.44%"
"Oct 12, 2021","56,015.9","57,480.6","57,635.7","54,155.4","74.85K","-2.54%"
"Oct 11, 2021","57,477.3","54,686.9","57,814.1","54,457.8","73.84K","5.10%"
"Oct 10, 2021","54,687.7","54,942.5","56,432.2","54,100.8","104.43K","-0.46%"
"Oct 09, 2021","54,942.5","53,924.1","55,430.8","53,711.7","64.65K","1.91%"
"Oct 08, 2021","53,914.7","53,785.5","55,977.9","53,659.3","64.05K","0.24%"
"Oct 07, 2021","53,783.9","55,325.2","55,325.6","53,476.4","75.68K","-2.78%"
"Oct 06, 2021","55,323.2","51,470.0","55,676.1","50,439.5","116.26K","7.49%"
"Oct 05, 2021","51,469.3","49,229.5","51,872.4","49,060.1","76.63K","4.55%"
"Oct 04, 2021","49,227.3","48,200.4","49,481.7","46,958.6","66.92K","2.13%"
"Oct 03, 2021","48,200.1","47,665.4","49,165.2","47,123.0","42.41K","1.12%"
"Oct 02, 2021","47,666.9","48,147.2","48,306.9","47,451.7","39.82K","-1.00%"
"Oct 01, 2021","48,146.0","43,824.4","48,435.2","43,292.9","94.66K","9.86%"
"Sep 30, 2021","43,823.3","41,534.5","44,101.2","41,416.7","64.32K","5.50%"
"Sep 29, 2021","41,536.8","41,023.1","42,571.2","40,815.0","48.21K","1.25%"
"Sep 28, 2021","41,022.3","42,169.9","42,758.8","40,906.4","60.01K","-2.73%"
"Sep 27, 2021","42,172.6","43,200.9","44,293.2","42,143.9","54.12K","-2.39%"
"Sep 26, 2021","43,203.4","42,685.8","43,907.3","40,786.6","69.91K","1.21%"
"Sep 25, 2021","42,686.8","42,818.7","42,959.3","41,714.5","46.35K","-0.31%"
"Sep 24, 2021","42,819.9","44,867.4","45,112.0","40,908.5","128.88K","-4.57%"
"Sep 23, 2021","44,869.2","43,550.7","44,949.8","43,090.1","74.54K","3.03%"
"Sep 22, 2021","43,551.6","40,660.8","43,976.7","40,585.7","93.98K","7.13%"
"Sep 21, 2021","40,651.3","43,012.3","43,619.3","39,646.8","142.55K","-5.18%"
"Sep 20, 2021","42,870.6","47,240.8","47,323.9","42,547.1","77.96K","-9.25%"
"Sep 19, 2021","47,238.7","48,299.9","48,341.9","46,866.6","41.98K","-2.21%"
"Sep 18, 2021","48,306.7","47,283.9","48,761.0","47,070.5","43.64K","2.17%"
"Sep 17, 2021","47,282.8","47,748.2","48,155.9","46,788.8","50.16K","-0.97%"
"Sep 16, 2021","47,748.0","48,132.3","48,480.6","47,040.3","60.91K","-0.80%"
"Sep 15, 2021","48,130.6","47,070.8","48,436.5","46,743.9","63.40K","2.24%"
"Sep 14, 2021","47,077.5","44,950.2","47,247.6","44,718.7","65.33K","4.73%"
"Sep 13, 2021","44,949.5","46,060.8","46,807.7","43,463.2","96.15K","-2.42%"
"Sep 12, 2021","46,062.3","45,162.6","46,386.4","44,755.2","44.52K","1.99%"
"Sep 11, 2021","45,161.9","44,844.9","45,975.6","44,766.6","41.58K","0.71%"
"Sep 10, 2021","44,842.8","46,385.9","47,021.6","44,283.6","75.62K","-3.33%"
"Sep 09, 2021","46,385.6","46,057.6","47,305.7","45,609.0","73.63K","0.70%"
"Sep 08, 2021","46,061.4","46,774.1","47,316.9","44,493.7","100.48K","-1.54%"
"Sep 07, 2021","46,779.6","52,674.2","52,885.3","43,072.4","187.56K","-11.19%"
"Sep 06, 2021","52,672.1","51,769.4","52,726.2","51,002.8","69.46K","1.75%"
"Sep 05, 2021","51,768.6","49,918.7","51,878.2","49,492.4","57.30K","3.71%"
"Sep 04, 2021","49,918.4","49,999.3","50,534.6","49,461.4","48.14K","-0.16%"
"Sep 03, 2021","49,999.0","49,269.5","51,008.8","48,377.3","88.08K","1.47%"
"Sep 02, 2021","49,274.3","48,817.8","50,355.3","48,612.9","80.21K","0.93%"
"Sep 01, 2021","48,819.4","47,129.2","49,121.0","46,533.1","74.38K","3.58%"
"Aug 31, 2021","47,130.4","46,989.1","48,217.0","46,709.3","71.48K","0.29%"
"Aug 30, 2021","46,992.7","48,777.1","48,886.0","46,876.9","61.68K","-3.66%"
"Aug 29, 2021","48,777.4","48,899.7","49,621.7","47,870.1","47.62K","-0.24%"
"Aug 28, 2021","48,897.1","49,062.8","49,289.4","48,428.5","36.73K","-0.34%"
"Aug 27, 2021","49,064.3","46,830.2","49,142.0","46,371.5","62.47K","4.77%"
"Aug 26, 2021","46,831.6","48,994.4","49,347.8","46,360.4","73.79K","-4.41%"
"Aug 25, 2021","48,994.5","47,707.4","49,230.2","47,163.3","63.54K","2.68%"
"Aug 24, 2021","47,714.7","49,532.5","49,847.4","47,623.6","74.26K","-3.68%"
"Aug 23, 2021","49,539.7","49,255.4","50,498.8","49,038.6","75.37K","0.58%"
"Aug 22, 2021","49,254.5","48,870.4","49,480.3","48,151.0","49.32K","0.77%"
"Aug 21, 2021","48,875.8","49,330.0","49,719.1","48,293.5","18.20K","-0.91%"
"Aug 20, 2021","49,324.0","46,756.7","49,343.3","46,646.8","83.19K","5.49%"
"Aug 19, 2021","46,755.9","44,725.9","47,012.3","43,986.7","77.92K","4.54%"
"Aug 18, 2021","44,723.8","44,691.1","46,004.9","44,230.0","22.36K","0.07%"
"Aug 17, 2021","44,691.6","45,907.5","47,140.6","44,441.3","84.14K","-2.84%"
"Aug 16, 2021","45,996.3","46,991.6","48,002.4","45,672.1","2.41K","-2.12%"
"Aug 15, 2021","46,991.3","47,082.6","47,344.1","45,564.1","58.11K","-0.19%"
"Aug 14, 2021","47,081.5","47,809.6","48,090.9","46,117.2","64.29K","-1.52%"
"Aug 13, 2021","47,809.1","44,404.0","47,836.0","44,242.4","75.27K","7.67%"
"Aug 12, 2021","44,403.4","45,562.3","46,213.8","43,814.7","81.07K","-2.55%"
"Aug 11, 2021","45,564.3","45,593.2","46,736.5","45,367.9","75.43K","-0.06%"
"Aug 10, 2021","45,593.8","46,281.8","46,663.4","44,681.2","80.55K","-1.49%"
"Aug 09, 2021","46,284.3","43,794.9","46,460.7","42,824.1","117.08K","5.69%"
"Aug 08, 2021","43,792.8","44,584.9","45,284.1","43,314.4","105.25K","-1.84%"
"Aug 07, 2021","44,614.2","42,784.7","44,697.3","42,611.0","112.84K","4.25%"
"Aug 06, 2021","42,795.4","40,868.4","43,253.4","39,905.4","111.93K","4.72%"
"Aug 05, 2021","40,867.2","39,734.4","41,366.3","37,365.4","130.60K","2.84%"
"Aug 04, 2021","39,736.9","38,188.4","39,956.5","37,556.0","79.22K","4.21%"
"Aug 03, 2021","38,130.3","39,167.4","39,766.6","37,688.2","0.26K","-2.65%"
"Aug 02, 2021","39,168.4","39,869.8","40,449.0","38,692.5","74.81K","-1.78%"
"Aug 01, 2021","39,878.3","41,510.0","42,565.0","39,556.5","80.33K","-4.03%"
"Jul 31, 2021","41,553.7","42,201.4","42,285.3","41,066.4","44.65K","-1.54%"
"Jul 30, 2021","42,203.4","40,001.1","42,264.4","38,358.4","98.45K","5.50%"
"Jul 29, 2021","40,001.4","40,009.0","40,630.7","39,340.8","75.30K","-0.00%"
"Jul 28, 2021","40,003.2","39,450.4","40,862.2","38,883.8","148.92K","1.40%"
"Jul 27, 2021","39,452.0","37,294.3","39,455.9","36,427.4","100.24K","5.84%"
"Jul 26, 2021","37,276.6","35,392.3","40,522.9","35,236.7","177.63K","5.33%"
"Jul 25, 2021","35,391.1","34,392.5","35,391.1","33,881.3","65.10K","4.63%"
"Jul 24, 2021","33,824.8","33,600.5","33,955.0","33,412.9","67.14K","0.66%"
"Jul 23, 2021","33,603.3","32,297.9","33,605.6","32,041.1","66.15K","4.04%"
"Jul 22, 2021","32,298.9","32,131.7","32,585.4","31,729.4","64.87K","0.52%"
"Jul 21, 2021","32,131.4","29,794.7","32,794.6","29,519.3","118.34K","7.85%"
"Jul 20, 2021","29,793.8","30,835.4","31,040.8","29,310.2","97.46K","-3.38%"
"Jul 19, 2021","30,837.2","31,782.9","31,887.0","30,478.2","77.48K","-2.98%"
"Jul 18, 2021","31,785.4","31,517.9","32,408.2","31,220.6","57.01K","0.85%"
"Jul 17, 2021","31,518.6","31,384.4","31,914.8","31,207.8","58.06K","0.40%"
"Jul 16, 2021","31,394.0","31,842.3","32,239.8","31,062.2","70.48K","-1.40%"
"Jul 15, 2021","31,840.5","32,820.5","33,157.0","31,175.8","76.95K","-2.99%"
"Jul 14, 2021","32,820.7","32,727.8","33,051.9","31,611.2","69.56K","0.28%"
"Jul 13, 2021","32,728.1","33,106.1","33,307.7","32,259.5","60.04K","-1.16%"
"Jul 12, 2021","33,113.0","34,228.3","34,598.0","32,662.8","63.24K","-3.26%"
"Jul 11, 2021","34,227.7","33,510.8","34,580.6","33,319.8","35.72K","2.14%"
"Jul 10, 2021","33,510.6","33,797.7","34,221.0","33,056.8","50.94K","-0.85%"
"Jul 09, 2021","33,797.4","32,866.3","34,079.2","32,367.0","67.14K","2.83%"
"Jul 08, 2021","32,866.3","33,859.4","33,923.2","32,146.9","108.09K","-2.96%"
"Jul 07, 2021","33,867.8","34,228.7","35,036.6","33,801.3","72.03K","-1.05%"
"Jul 06, 2021","34,225.6","33,688.5","35,062.0","33,581.7","83.63K","1.60%"
"Jul 05, 2021","33,687.8","35,297.0","35,300.5","33,164.1","88.36K","-4.56%"
"Jul 04, 2021","35,298.2","34,742.8","35,957.6","34,740.1","56.13K","1.60%"
"Jul 03, 2021","34,742.8","33,814.2","34,909.8","33,363.3","55.69K","2.75%"
"Jul 02, 2021","33,813.4","33,542.2","33,925.9","32,734.6","78.93K","0.80%"
"Jul 01, 2021","33,543.6","35,030.7","35,032.7","32,839.2","27.41K","-4.23%"
"Jun 30, 2021","35,026.9","35,832.6","36,089.5","34,126.6","107.07K","-2.25%"
"Jun 29, 2021","35,834.7","34,477.3","36,590.3","34,247.6","97.27K","3.94%"
"Jun 28, 2021","34,475.9","34,682.2","35,231.2","33,944.9","112.00K","-0.58%"
"Jun 27, 2021","34,678.5","32,247.1","34,685.5","32,041.7","148.80K","7.55%"
"Jun 26, 2021","32,243.4","31,592.1","32,643.0","30,206.9","156.67K","2.06%"
"Jun 25, 2021","31,594.0","34,660.5","35,490.9","31,337.9","193.43K","-8.86%"
"Jun 24, 2021","34,665.8","33,678.1","35,249.9","32,356.7","119.25K","2.94%"
"Jun 23, 2021","33,674.3","32,498.3","34,784.3","31,736.5","173.34K","3.62%"
"Jun 22, 2021","32,496.4","31,682.7","33,272.5","28,901.8","309.65K","2.54%"
"Jun 21, 2021","31,692.0","35,597.9","35,708.4","31,284.1","256.87K","-10.97%"
"Jun 20, 2021","35,595.8","35,510.9","36,097.9","33,378.0","137.48K","0.23%"
"Jun 19, 2021","35,513.4","35,770.0","36,357.3","34,845.5","105.46K","-0.66%"
"Jun 18, 2021","35,749.4","38,045.5","38,166.0","35,198.5","102.84K","-6.05%"
"Jun 17, 2021","38,052.0","38,337.8","39,529.9","37,425.3","109.58K","-0.74%"
"Jun 16, 2021","38,336.0","40,148.1","40,494.4","38,156.4","123.52K","-4.53%"
"Jun 15, 2021","40,156.1","40,522.5","41,318.0","39,589.9","117.55K","-0.92%"
"Jun 14, 2021","40,529.4","39,024.1","40,970.4","38,769.9","157.35K","3.86%"
"Jun 13, 2021","39,022.9","35,467.5","39,321.6","34,827.0","123.32K","10.02%"
"Jun 12, 2021","35,467.5","37,334.4","37,437.3","34,703.3","87.73K","-4.95%"
"Jun 11, 2021","37,314.6","36,654.3","37,641.1","36,003.3","109.15K","1.81%"
"Jun 10, 2021","36,649.4","37,375.2","38,340.8","35,824.0","154.32K","-1.83%"
"Jun 09, 2021","37,332.2","33,385.5","37,517.6","32,428.6","209.82K","11.83%"
"Jun 08, 2021","33,382.9","33,574.6","34,047.8","31,158.1","193.54K","-0.58%"
"Jun 07, 2021","33,578.0","35,815.4","36,754.6","33,410.1","119.50K","-6.25%"
"Jun 06, 2021","35,815.4","35,518.7","36,434.0","35,265.3","62.20K","0.83%"
"Jun 05, 2021","35,520.0","36,841.2","37,887.6","34,832.0","101.48K","-3.61%"
"Jun 04, 2021","36,851.3","39,191.4","39,255.4","35,659.9","127.71K","-5.96%"
"Jun 03, 2021","39,187.3","37,555.7","39,462.3","37,193.6","106.44K","4.34%"
"Jun 02, 2021","37,555.8","36,687.7","38,199.9","35,981.1","96.89K","2.37%"
"Jun 01, 2021","36,687.6","37,294.3","37,850.3","35,742.7","113.48K","-1.64%"
"May 31, 2021","37,298.6","35,644.0","37,480.7","34,213.2","131.70K","4.62%"
"May 30, 2021","35,652.8","34,589.3","36,388.6","33,441.0","104.18K","3.09%"
"May 29, 2021","34,584.6","35,664.5","37,227.1","33,664.2","160.43K","-3.02%"
"May 28, 2021","35,662.5","38,543.2","38,844.1","34,772.4","199.58K","-7.17%"
"May 27, 2021","38,417.3","39,249.0","40,322.2","37,190.8","122.93K","-2.12%"
"May 26, 2021","39,249.2","38,375.7","40,750.0","37,847.0","153.80K","2.27%"
"May 25, 2021","38,378.3","38,753.6","39,740.8","36,540.7","163.01K","-0.96%"
"May 24, 2021","38,750.6","34,720.3","39,851.7","34,474.6","244.88K","11.74%"
"May 23, 2021","34,679.7","37,446.8","38,248.7","31,192.4","325.73K","-7.39%"
"May 22, 2021","37,448.3","37,291.0","38,776.0","35,314.9","185.83K","0.40%"
"May 21, 2021","37,297.4","40,611.2","42,108.3","33,592.3","315.50K","-8.40%"
"May 20, 2021","40,717.2","36,706.8","42,425.9","35,010.4","269.75K","10.88%"
"May 19, 2021","36,720.5","42,898.3","43,516.6","30,261.7","607.10K","-14.40%"
"May 18, 2021","42,897.3","43,538.5","45,770.9","42,293.9","154.96K","-1.48%"
"May 17, 2021","43,541.3","46,424.2","46,545.4","42,201.5","274.76K","-6.21%"
"May 16, 2021","46,426.4","46,729.3","49,764.3","43,920.8","180.07K","-0.60%"
"May 15, 2021","46,708.8","49,839.1","50,640.9","46,650.2","131.91K","-6.28%"
"May 14, 2021","49,839.8","49,704.9","51,459.2","48,874.0","118.84K","0.27%"
"May 13, 2021","49,704.6","49,398.2","51,337.3","46,331.1","236.71K","0.65%"
"May 12, 2021","49,384.2","56,694.5","57,938.5","49,187.0","160.74K","-12.90%"
"May 11, 2021","56,695.7","55,846.1","56,871.1","54,550.4","96.47K","1.52%"
"May 10, 2021","55,848.9","58,251.2","59,523.9","53,678.3","142.61K","-4.10%"
"May 09, 2021","58,238.3","58,840.6","59,227.0","56,414.4","103.59K","-1.02%"
"May 08, 2021","58,840.1","57,330.3","59,471.1","56,972.2","101.27K","2.62%"
"May 07, 2021","57,337.2","56,411.4","58,639.3","55,300.1","110.01K","1.65%"
"May 06, 2021","56,405.4","57,441.0","58,364.9","55,294.5","109.02K","-1.80%"
"May 05, 2021","57,441.3","53,872.5","57,936.4","53,872.5","119.82K","6.88%"
"May 04, 2021","53,741.5","57,170.6","57,201.3","53,741.5","132.33K","-6.00%"
"May 03, 2021","57,169.8","56,605.8","58,925.1","56,562.4","89.24K","1.00%"
"May 02, 2021","56,603.8","57,807.2","57,868.4","56,110.5","53.61K","-2.08%"
"May 01, 2021","57,807.1","57,719.1","58,449.4","57,029.5","63.41K","0.15%"
"Apr 30, 2021","57,720.3","53,562.3","57,925.6","53,088.7","103.74K","7.77%"
"Apr 29, 2021","53,560.8","54,838.6","55,173.7","52,400.0","83.90K","-2.34%"
"Apr 28, 2021","54,841.4","55,036.0","56,419.9","53,876.4","86.96K","-0.35%"
"Apr 27, 2021","55,036.5","54,011.1","55,427.8","53,345.0","84.08K","1.88%"
"Apr 26, 2021","54,020.5","48,963.5","54,320.9","48,815.9","129.76K","10.33%"
"Apr 25, 2021","48,963.6","50,088.2","50,532.4","47,098.5","59.20K","-2.25%"
"Apr 24, 2021","50,088.9","51,140.8","51,183.0","48,775.2","82.25K","-2.06%"
"Apr 23, 2021","51,143.6","51,707.1","52,099.9","47,659.4","214.46K","-1.13%"
"Apr 22, 2021","51,729.5","53,821.3","55,408.4","50,590.9","168.13K","-3.88%"
"Apr 21, 2021","53,820.2","56,479.5","56,764.4","53,657.6","100.26K","-4.71%"
"Apr 20, 2021","56,483.2","55,645.1","57,054.9","53,422.5","115.49K","1.50%"
"Apr 19, 2021","55,646.1","56,208.1","57,517.0","54,272.3","117.51K","-1.00%"
"Apr 18, 2021","56,207.1","60,043.2","60,362.1","51,817.6","216.81K","-6.39%"
"Apr 17, 2021","60,041.9","61,358.3","62,509.1","59,672.1","84.08K","-2.18%"
"Apr 16, 2021","61,379.7","63,211.6","63,518.5","60,027.3","136.85K","-2.90%"
"Apr 15, 2021","63,216.0","62,978.6","63,729.1","62,067.5","76.97K","0.37%"
"Apr 14, 2021","62,980.4","63,544.2","64,778.0","61,366.3","130.43K","-0.88%"